"FILE_NAME","CLAUSE_NUMBER","CREATED_AT","ID",
"NZ_NZBC-G4AS1#4.0","1.2.2.1",2023-02-06 22:34:58.495970000,1,
"NZ_NZBC-G14AS1#2.6","1.1.0.1",2023-02-06 22:34:58.495970000,2,
"NZ_NZBC-G14AS1#2.6","1.2.0.1",2023-02-06 22:34:58.495970000,3,
"NZ_NZBC-G14AS1#2.6","1.2.0.2",2023-02-06 22:34:58.495970000,4,
"NZ_NZBC-CVM2#0.5","2.3.3.1.0.1",2023-02-06 22:34:58.495970000,5,
"NZ_NZBC-CAS2#1.1","1.4.1.0.1",2023-02-06 22:34:58.495970000,6,
"NZ_NZBC-CAS2#1.1","1.4.2.0.1",2023-02-06 22:34:58.495970000,7,
"NZ_NZBC-CAS2#1.1","1.4.3.0.1",2023-02-06 22:34:58.495970000,8,
"NZ_NZBC-CAS2#1.1","1.4.4.0.1",2023-02-06 22:34:58.495970000,9,
"NZ_NZBC-CAS2#1.1","1.4.5.0.1",2023-02-06 22:34:58.495970000,10,
"NZ_NZBC-CAS2#1.1","1.4.6.0.1",2023-02-06 22:34:58.495970000,11,
"NZ_NZBC-CAS2#1.1","1.4.7.0.1",2023-02-06 22:34:58.495970000,12,
"NZ_NZBC-CAS2#1.1","1.4.8.0.1",2023-02-06 22:34:58.495970000,13,
"NZ_NZBC-CAS2#1.1","2.1.1.0.1",2023-02-06 22:34:58.495970000,14,
"NZ_NZBC-CAS2#1.1","1.1.0.1",2023-02-06 22:34:58.495970000,15,
"NZ_NZBC-CAS2#1.1","1.1.0.2",2023-02-06 22:34:58.495970000,16,
"NZ_NZBC-CAS2#1.1","1.1.0.3",2023-02-06 22:34:58.495970000,17,
"NZ_NZBC-CAS2#1.1","1.1.1.0.1",2023-02-06 22:34:58.495970000,18,
"NZ_NZBC-CAS2#1.1","1.1.1.0.2",2023-02-06 22:34:58.495970000,19,
"NZ_NZBC-CAS2#1.1","1.1.1.0.3",2023-02-06 22:34:58.495970000,20,
"NZ_NZBC-CAS2#1.1","1.1.1.0.4",2023-02-06 22:34:58.495970000,21,
"NZ_NZBC-CAS2#1.1","1.1.1.0.5",2023-02-06 22:34:58.495970000,22,
"NZ_NZBC-CAS2#1.1","1.1.1.0.6",2023-02-06 22:34:58.495970000,23,
"NZ_NZBC-CAS2#1.1","1.1.1.0.7",2023-02-06 22:34:58.495970000,24,
"NZ_NZBC-CAS2#1.1","1.2.2.0.1",2023-02-06 22:34:58.495970000,25,
"NZ_NZBC-CAS2#1.1","1.2.2.0.2",2023-02-06 22:34:58.495970000,26,
"NZ_NZBC-CAS2#1.1","1.2.2.0.3",2023-02-06 22:34:58.495970000,27,
"NZ_NZBC-CAS2#1.1","1.2.2.0.4",2023-02-06 22:34:58.495970000,28,
"NZ_NZBC-CAS2#1.1","1.2.3.0.1",2023-02-06 22:34:58.495970000,29,
"NZ_NZBC-CAS2#1.1","2.3.6.0.1",2023-02-06 22:34:58.495970000,30,
"NZ_NZBC-CAS2#1.1","2.3.7.0.1",2023-02-06 22:34:58.495970000,31,
"NZ_NZBC-CAS2#1.1","2.3.11.0.1",2023-02-06 22:34:58.495970000,32,
"NZ_NZBC-CAS2#1.1","3.1.1.0.1",2023-02-06 22:34:58.495970000,33,
"NZ_NZBC-CAS2#1.1","3.1.2.0.1",2023-02-06 22:34:58.495970000,34,
"NZ_NZBC-CAS2#1.1","3.1.2.0.2",2023-02-06 22:34:58.495970000,35,
"NZ_NZBC-CAS2#1.1","3.1.2.0.3",2023-02-06 22:34:58.495970000,36,
"NZ_NZBC-CAS2#1.1","3.1.3.0.1",2023-02-06 22:34:58.495970000,37,
"NZ_NZBC-CAS2#1.1","3.1.4.0.1",2023-02-06 22:34:58.495970000,38,
"NZ_NZBC-CAS2#1.1","3.1.4.0.2",2023-02-06 22:34:58.495970000,39,
"NZ_NZBC-CAS2#1.1","3.2.1.0.1",2023-02-06 22:34:58.495970000,40,
"NZ_NZBC-CAS2#1.1","4.1.1.0.1",2023-02-06 22:34:58.495970000,41,
"NZ_NZBC-G12AS1#3.12","1.0.1.0.1",2023-02-06 22:34:58.495970000,42,
"NZ_NZBC-G12AS1#3.12","2.1.1.0.1",2023-02-06 22:34:58.495970000,43,
"NZ_NZBC-G12AS1#3.12","2.2.1.0.1",2023-02-06 22:34:58.495970000,44,
"NZ_NZBC-G12AS1#3.12","5.2.1.0.1",2023-02-06 22:34:58.495970000,45,
"NZ_NZBC-G12AS1#3.12","5.2.4.0.1.a.1",2023-02-06 22:34:58.495970000,46,
"NZ_NZBC-G12AS1#3.12","5.2.4.0.1.b.1",2023-02-06 22:34:58.495970000,47,
"NZ_NZBC-G12AS1#3.12","5.2.5.0.1",2023-02-06 22:34:58.495970000,48,
"NZ_NZBC-G12AS1#3.12","5.2.7.0.1",2023-02-06 22:34:58.495970000,49,
"NZ_NZBC-G12AS1#3.12","5.3.1.0.1",2023-02-06 22:34:58.495970000,50,
"NZ_NZBC-G12AS1#3.12","5.4.3.0.1",2023-02-06 22:34:58.495970000,51,
"NZ_NZBC-G12AS1#3.12","6.1.1.0.1",2023-02-06 22:34:58.495970000,52,
"NZ_NZBC-G12AS1#3.12","6.2.1.0.1",2023-02-06 22:34:58.495970000,53,
"NZ_NZBC-G12AS1#3.12","6.2.2.0.1",2023-02-06 22:34:58.495970000,54,
"NZ_NZBC-G12AS1#3.12","6.3.1.0.1",2023-02-06 22:34:58.495970000,55,
"NZ_NZBC-G12AS1#3.12","6.3.2.0.1",2023-02-06 22:34:58.495970000,56,
"NZ_NZBC-G12AS1#3.12","6.3.3.0.1",2023-02-06 22:34:58.495970000,57,
"NZ_NZBC-G12AS1#3.12","6.4.2.0.1",2023-02-06 22:34:58.495970000,58,
"NZ_NZBC-G12AS1#3.12","3.4.1.0.1",2023-02-06 22:34:58.495970000,59,
"NZ_NZBC-G12AS1#3.12","3.4.5.0.1",2023-02-06 22:34:58.495970000,60,
"NZ_NZBC-G12AS1#3.12","3.4.6.0.1",2023-02-06 22:34:58.495970000,61,
"NZ_NZBC-G12AS1#3.12","3.5.2.0.1",2023-02-06 22:34:58.495970000,62,
"NZ_NZBC-G12AS1#3.12","3.5.4.0.1",2023-02-06 22:34:58.495970000,63,
"NZ_NZBC-G12AS1#3.12","3.6.2.0.1.a.1",2023-02-06 22:34:58.495970000,64,
"NZ_NZBC-G12AS1#3.12","3.6.2.0.1.b.1",2023-02-06 22:34:58.495970000,65,
"NZ_NZBC-G12AS1#3.12","3.6.2.0.1.c.1",2023-02-06 22:34:58.495970000,66,
"NZ_NZBC-G12AS1#3.12","3.6.2.0.1.d.1",2023-02-06 22:34:58.495970000,67,
"NZ_NZBC-G12AS1#3.12","3.6.2.0.1.e.1",2023-02-06 22:34:58.495970000,68,
"NZ_NZBC-G12AS1#3.12","3.7.2.0.1.1",2023-02-06 22:34:58.495970000,69,
"NZ_NZBC-G12AS1#3.12","3.7.2.0.1.2",2023-02-06 22:34:58.495970000,70,
"NZ_NZBC-G12AS1#3.12","3.7.2.0.1.3",2023-02-06 22:34:58.495970000,71,
"NZ_NZBC-G12AS1#3.12","5.1.1.0.1",2023-02-06 22:34:58.495970000,72,
"NZ_NZBC-CAS2#1.1","2.2.1.0.5",2023-02-06 22:34:58.495970000,73,
"NZ_NZBC-CAS2#1.1","2.2.2.0.a.1",2023-02-06 22:34:58.495970000,74,
"NZ_NZBC-CAS2#1.1","2.2.2.0.b.1",2023-02-06 22:34:58.495970000,75,
"NZ_NZBC-CAS2#1.1","2.2.2.0.c.1",2023-02-06 22:34:58.495970000,76,
"NZ_NZBC-CAS2#1.1","2.2.4.0.1",2023-02-06 22:34:58.495970000,77,
"NZ_NZBC-CAS2#1.1","2.2.6.0.1",2023-02-06 22:34:58.495970000,78,
"NZ_NZBC-CAS2#1.1","2.2.8.0.1",2023-02-06 22:34:58.495970000,79,
"NZ_NZBC-CAS2#1.1","2.2.9.0.1",2023-02-06 22:34:58.495970000,80,
"NZ_NZBC-CAS2#1.1","2.3.1.0.1",2023-02-06 22:34:58.495970000,81,
"NZ_NZBC-CAS2#1.1","2.3.2.0.1",2023-02-06 22:34:58.495970000,82,
"NZ_NZBC-CAS2#1.1","2.3.3.0.1",2023-02-06 22:34:58.495970000,83,
"NZ_NZBC-CAS2#1.1","2.3.4.0.1",2023-02-06 22:34:58.495970000,84,
"NZ_NZBC-G12AS1#3.12","6.8.1.0.1",2023-02-06 22:34:58.495970000,85,
"NZ_NZBC-G12AS1#3.12","6.9.1.0.1",2023-02-06 22:34:58.495970000,86,
"NZ_NZBC-G12AS1#3.12","6.10.1.0.1",2023-02-06 22:34:58.495970000,87,
"NZ_NZBC-G12AS1#3.12","6.11.1.0.1",2023-02-06 22:34:58.495970000,88,
"NZ_NZBC-G12AS1#3.12","6.12.1.0.1",2023-02-06 22:34:58.495970000,89,
"NZ_NZBC-G12AS1#3.12","6.13.1.0.1",2023-02-06 22:34:58.495970000,90,
"NZ_NZBC-G12AS1#3.12","6.13.2.0.1",2023-02-06 22:34:58.495970000,91,
"NZ_NZBC-G12AS1#3.12","6.14.3.0.1",2023-02-06 22:34:58.495970000,92,
"NZ_NZBC-E1AS1#1.10","3.5.1.0.1",2023-02-06 22:34:58.495970000,93,
"NZ_NZBC-E1AS1#1.10","3.5.2.0.1",2023-02-06 22:34:58.495970000,94,
"NZ_NZBC-E1AS1#1.10","3.6.1.0.1",2023-02-06 22:34:58.495970000,95,
"NZ_NZBC-E1AS1#1.10","3.6.1.0.1.a.1",2023-02-06 22:34:58.495970000,96,
"NZ_NZBC-E1AS1#1.10","3.6.1.0.1.b.1",2023-02-06 22:34:58.495970000,97,
"NZ_NZBC-E1AS1#1.10","3.6.1.0.1.c.1",2023-02-06 22:34:58.495970000,98,
"NZ_NZBC-E1AS1#1.10","3.7.1.0.1",2023-02-06 22:34:58.495970000,99,
"NZ_NZBC-E1AS1#1.10","3.7.2.0.1.a.1",2023-02-06 22:34:58.495970000,100,
"NZ_NZBC-E1AS1#1.10","3.7.2.0.1.b.1",2023-02-06 22:34:58.495970000,101,
"NZ_NZBC-E1AS1#1.10","3.7.3.0.1.a.1",2023-02-06 22:34:58.495970000,102,
"NZ_NZBC-E1AS1#1.10","3.7.3.0.1.b.1",2023-02-06 22:34:58.495970000,103,
"NZ_NZBC-E1AS1#1.10","3.7.3.0.1.c.1",2023-02-06 22:34:58.495970000,104,
"NZ_NZBC-E1AS1#1.10","3.7.4.0.1",2023-02-06 22:34:58.495970000,105,
"NZ_NZBC-E1AS1#1.10","3.7.5.0.1",2023-02-06 22:34:58.495970000,106,
"NZ_NZBC-E1AS1#1.10","3.7.6.0.1",2023-02-06 22:34:58.495970000,107,
"NZ_NZBC-E1AS1#1.10","3.7.7.0.1",2023-02-06 22:34:58.495970000,108,
"NZ_NZBC-E1AS1#1.10","3.7.8.0.1.1",2023-02-06 22:34:58.495970000,109,
"NZ_NZBC-G12AS1#3.12","6.14.4.0.1",2023-02-06 22:34:58.495970000,110,
"NZ_NZBC-G12AS1#3.12","7.0.1.0.1",2023-02-06 22:34:58.495970000,111,
"NZ_NZBC-G12AS1#3.12","7.1.1.0.1",2023-02-06 22:34:58.495970000,112,
"NZ_NZBC-G12AS1#3.12","7.3.3.0.1",2023-02-06 22:34:58.495970000,113,
"NZ_NZBC-G12AS1#3.12","7.4.1.0.1",2023-02-06 22:34:58.495970000,114,
"NZ_NZBC-E1AS1#1.10","1.0.1.0.1",2023-02-06 22:34:58.495970000,115,
"NZ_NZBC-E1AS1#1.10","2.0.1.0.1",2023-02-06 22:34:58.495970000,116,
"NZ_NZBC-E1AS1#1.10","2.0.1.0.1.a.1",2023-02-06 22:34:58.495970000,117,
"NZ_NZBC-E1AS1#1.10","2.0.1.0.1.b.1",2023-02-06 22:34:58.495970000,118,
"NZ_NZBC-E1AS1#1.10","3.1.1.0.1",2023-02-06 22:34:58.495970000,119,
"NZ_NZBC-E1AS1#1.10","3.2.1.0.1",2023-02-06 22:34:58.495970000,120,
"NZ_NZBC-E1AS1#1.10","3.2.2.0.1.1",2023-02-06 22:34:58.495970000,121,
"NZ_NZBC-E1AS1#1.10","3.3.1.0.1.1",2023-02-06 22:34:58.495970000,122,
"NZ_NZBC-E1AS1#1.10","3.3.1.0.1.2.1",2023-02-06 22:34:58.495970000,123,
"NZ_NZBC-E1AS1#1.10","3.3.1.0.1.2.2",2023-02-06 22:34:58.495970000,124,
"NZ_NZBC-E1AS1#1.10","3.3.2.0.1",2023-02-06 22:34:58.495970000,125,
"NZ_NZBC-E1AS1#1.10","3.4.1.0.1",2023-02-06 22:34:58.495970000,126,
"NZ_NZBC-E1AS1#1.10","3.4.2.0.1",2023-02-06 22:34:58.495970000,127,
"NZ_NZBC-E1AS1#1.10","3.4.2.0.1.a.1",2023-02-06 22:34:58.495970000,128,
"NZ_NZBC-E1AS1#1.10","3.4.2.0.1.b.1",2023-02-06 22:34:58.495970000,129,
"NZ_NZBC-E1AS1#1.10","3.4.2.0.1.c.1",2023-02-06 22:34:58.495970000,130,
"NZ_NZBC-G12AS1#3.12","6.5.1.0.1",2023-02-06 22:34:58.495970000,131,
"NZ_NZBC-G12AS1#3.12","6.5.2.0.1",2023-02-06 22:34:58.495970000,132,
"NZ_NZBC-G12AS1#3.12","6.6.2.0.1",2023-02-06 22:34:58.495970000,133,
"NZ_NZBC-G12AS1#3.12","6.6.3.0.1",2023-02-06 22:34:58.495970000,134,
"NZ_NZBC-G12AS1#3.12","6.6.4.0.1",2023-02-06 22:34:58.495970000,135,
"NZ_NZBC-G12AS1#3.12","6.6.5.0.0.b.1",2023-02-06 22:34:58.495970000,136,
"NZ_NZBC-G12AS1#3.12","6.7.1.0.1",2023-02-06 22:34:58.495970000,137,
"NZ_NZBC-E1AS1#1.10","4.1.2.0.1",2023-02-06 22:34:58.495970000,138,
"NZ_NZBC-E1AS1#1.10","4.2.1.0.1",2023-02-06 22:34:58.495970000,139,
"NZ_NZBC-E1AS1#1.10","4.3.1.0.1",2023-02-06 22:34:58.495970000,140,
"NZ_NZBC-E1AS1#1.10","4.3.2.0.1",2023-02-06 22:34:58.495970000,141,
"NZ_NZBC-E1AS1#1.10","5.1.1.0.1",2023-02-06 22:34:58.495970000,142,
"NZ_NZBC-E1AS1#1.10","5.1.4.0.1",2023-02-06 22:34:58.495970000,143,
"NZ_NZBC-E1AS1#1.10","5.2.1.0.1",2023-02-06 22:34:58.495970000,144,
"NZ_NZBC-E1AS1#1.10","5.3.1.0.1",2023-02-06 22:34:58.495970000,145,
"NZ_NZBC-E1AS1#1.10","5.5.1.0.1.1",2023-02-06 22:34:58.495970000,146,
"NZ_NZBC-E1AS1#1.10","5.5.2.0.1",2023-02-06 22:34:58.495970000,147,
"NZ_NZBC-B2AS1#2.10","1.1.1.0.1",2023-02-06 22:34:58.495970000,148,
"NZ_NZBC-B2AS1#2.10","2.1.2.0.2",2023-02-06 22:34:58.495970000,149,
"NZ_NZBC-B1AS1#0.17","2.1.1.1",2023-02-06 22:34:58.495970000,150,
"NZ_NZBC-B1AS1#0.17","2.1.3.0.1",2023-02-06 22:34:58.495970000,151,
"NZ_NZBC-B1AS1#0.17","3.1.0.1",2023-02-06 22:34:58.495970000,152,
"NZ_NZBC-B1AS1#0.17","3.1.1.0.1",2023-02-06 22:34:58.495970000,153,
"NZ_NZBC-B1AS1#0.17","3.1.2.0.2",2023-02-06 22:34:58.495970000,154,
"NZ_NZBC-B1AS1#0.17","3.1.2.0.3",2023-02-06 22:34:58.495970000,155,
"NZ_NZBC-B1AS1#0.17","3.1.2A.0.1",2023-02-06 22:34:58.495970000,156,
"NZ_NZBC-B1AS1#0.17","3.1.2B.0.1",2023-02-06 22:34:58.495970000,157,
"NZ_NZBC-B2AS1#2.10","2.1.3.0.1",2023-02-06 22:34:58.495970000,158,
"NZ_NZBC-B2AS1#2.10","2.2.1.0.1",2023-02-06 22:34:58.495970000,159,
"NZ_NZBC-B2AS1#2.10","3.3.1.0.1",2023-02-06 22:34:58.495970000,160,
"NZ_NZBC-B2AS1#2.10","3.4.1.0.1",2023-02-06 22:34:58.495970000,161,
"NZ_NZBC-B2AS1#2.10","3.5.1.0.1",2023-02-06 22:34:58.495970000,162,
"NZ_NZBC-B2AS1#2.10","3.6.1.0.1",2023-02-06 22:34:58.495970000,163,
"NZ_NZBC-B1AS1#0.17","1.1.0.1",2023-02-06 22:34:58.495970000,164,
"NZ_NZBC-B1AS1#0.17","1.2.0.1",2023-02-06 22:34:58.495970000,165,
"NZ_NZBC-B1AS1#0.17","2.1.0.1",2023-02-06 22:34:58.495970000,166,
"NZ_NZBC-E1AS1#1.10","3.7.8.0.1.2",2023-02-06 22:34:58.495970000,167,
"NZ_NZBC-E1AS1#1.10","3.8.1.0.1",2023-02-06 22:34:58.495970000,168,
"NZ_NZBC-E1AS1#1.10","3.9.2.0.1",2023-02-06 22:34:58.495970000,169,
"NZ_NZBC-E1AS1#1.10","3.9.3.0.1",2023-02-06 22:34:58.495970000,170,
"NZ_NZBC-E1AS1#1.10","3.9.3.0.1.a.1",2023-02-06 22:34:58.495970000,171,
"NZ_NZBC-E1AS1#1.10","3.9.3.0.1.c.2",2023-02-06 22:34:58.495970000,172,
"NZ_NZBC-E1AS1#1.10","3.9.3.0.1.d.i.1",2023-02-06 22:34:58.495970000,173,
"NZ_NZBC-E1AS1#1.10","3.9.3.0.1.d.ii.1",2023-02-06 22:34:58.495970000,174,
"NZ_NZBC-E1AS1#1.10","3.9.4.0.1.1",2023-02-06 22:34:58.495970000,175,
"NZ_NZBC-E1AS1#1.10","3.9.5.0.1.a.1",2023-02-06 22:34:58.495970000,176,
"NZ_NZBC-E1AS1#1.10","3.9.5.0.1.b.1",2023-02-06 22:34:58.495970000,177,
"NZ_NZBC-E1AS1#1.10","3.9.5.0.1.c.1",2023-02-06 22:34:58.495970000,178,
"NZ_NZBC-E1AS1#1.10","3.9.6.0.0.a.1",2023-02-06 22:34:58.495970000,179,
"NZ_NZBC-E1AS1#1.10","4.1.1.0.1",2023-02-06 22:34:58.495970000,180,
"NZ_NZBC-B1AS1#0.17","3.1.2C.0.3",2023-02-06 22:34:58.495970000,181,
"NZ_NZBC-B1AS1#0.17","3.1.3.0.1",2023-02-06 22:34:58.495970000,182,
"NZ_NZBC-B1AS1#0.17","3.1.3.0.2",2023-02-06 22:34:58.495970000,183,
"NZ_NZBC-B1AS1#0.17","3.1.3.0.3",2023-02-06 22:34:58.495970000,184,
"NZ_NZBC-B1AS1#0.17","3.1.4.0.1",2023-02-06 22:34:58.495970000,185,
"NZ_NZBC-B1AS1#0.17","3.1.11.0.1",2023-02-06 22:34:58.495970000,186,
"NZ_NZBC-B1AS1#0.17","3.1.12.0.1",2023-02-06 22:34:58.495970000,187,
"NZ_NZBC-B1AS1#0.17","3.1.13.0.1",2023-02-06 22:34:58.495970000,188,
"NZ_NZBC-B1AS1#0.17","3.1.13.0.2",2023-02-06 22:34:58.495970000,189,
"NZ_NZBC-B1AS1#0.17","4.1.0.1",2023-02-06 22:34:58.495970000,190,
"NZ_NZBC-B1AS1#0.17","4.1.1.0.1",2023-02-06 22:34:58.495970000,191,
"NZ_NZBC-B1AS1#0.17","4.1.2.0.1",2023-02-06 22:34:58.495970000,192,
"NZ_NZBC-B1AS1#0.17","4.1.2.0.2",2023-02-06 22:34:58.495970000,193,
"NZ_NZBC-B1AS1#0.17","4.1.3.0.1",2023-02-06 22:34:58.495970000,194,
"NZ_NZBC-B1AS1#0.17","4.1.4.0.1",2023-02-06 22:34:58.495970000,195,
"NZ_NZBC-B1AS1#0.17","3.1.4.0.2",2023-02-06 22:34:58.495970000,196,
"NZ_NZBC-B1AS1#0.17","3.1.5.0.1",2023-02-06 22:34:58.495970000,197,
"NZ_NZBC-B1AS1#0.17","3.1.5.0.2",2023-02-06 22:34:58.495970000,198,
"NZ_NZBC-B1AS1#0.17","3.1.5.0.3",2023-02-06 22:34:58.495970000,199,
"NZ_NZBC-B1AS1#0.17","3.1.6.0.1",2023-02-06 22:34:58.495970000,200,
"NZ_NZBC-B1AS1#0.17","3.1.7.0.1",2023-02-06 22:34:58.495970000,201,
"NZ_NZBC-B1AS1#0.17","3.1.8.0.1",2023-02-06 22:34:58.495970000,202,
"NZ_NZBC-B1AS1#0.17","3.1.8.0.2",2023-02-06 22:34:58.495970000,203,
"NZ_NZBC-B1AS1#0.17","3.1.8.0.3",2023-02-06 22:34:58.495970000,204,
"NZ_NZBC-B1AS1#0.17","3.1.9.0.1",2023-02-06 22:34:58.495970000,205,
"NZ_NZBC-B1AS1#0.17","3.1.9.0.2",2023-02-06 22:34:58.495970000,206,
"NZ_NZBC-B1AS1#0.17","3.1.10.0.1",2023-02-06 22:34:58.495970000,207,
"NZ_NZBC-B1AS1#0.17","3.1.2B.0.2",2023-02-06 22:34:58.495970000,208,
"NZ_NZBC-B1AS1#0.17","3.1.2C.0.1",2023-02-06 22:34:58.495970000,209,
"NZ_NZBC-B1AS1#0.17","3.1.2C.0.2",2023-02-06 22:34:58.495970000,210,
"NZ_NZBC-B1AS1#0.17","7.3.1.0.6.a.1",2023-02-06 22:34:58.495970000,211,
"NZ_NZBC-B1AS1#0.17","7.3.1.0.6.b.1",2023-02-06 22:34:58.495970000,212,
"NZ_NZBC-B1AS1#0.17","7.3.1.0.6.c.1",2023-02-06 22:34:58.495970000,213,
"NZ_NZBC-B1AS1#0.17","7.3.1.0.7",2023-02-06 22:34:58.495970000,214,
"NZ_NZBC-B1AS1#0.17","7.3.1.0.7.a.1",2023-02-06 22:34:58.495970000,215,
"NZ_NZBC-B1AS1#0.17","7.3.1.0.7.b.1",2023-02-06 22:34:58.495970000,216,
"NZ_NZBC-E2AS1#3.8","3.3.0.2",2023-02-06 22:34:58.495970000,217,
"NZ_NZBC-E2AS1#3.8","3.4.1.1.0.0.a.1",2023-02-06 22:34:58.495970000,218,
"NZ_NZBC-E2AS1#3.8","4.1.0.1",2023-02-06 22:34:58.495970000,219,
"NZ_NZBC-E2AS1#3.8","4.2.2.0.1",2023-02-06 22:34:58.495970000,220,
"NZ_NZBC-E2AS1#3.8","4.3.0.1",2023-02-06 22:34:58.495970000,221,
"NZ_NZBC-E2AS1#3.8","4.3.1.0.2",2023-02-06 22:34:58.495970000,222,
"NZ_NZBC-E2AS1#3.8","4.3.1.0.3",2023-02-06 22:34:58.495970000,223,
"NZ_NZBC-E2AS1#3.8","4.3.5.0.1",2023-02-06 22:34:58.495970000,224,
"NZ_NZBC-E2AS1#3.8","4.3.6.0.1",2023-02-06 22:34:58.495970000,225,
"NZ_NZBC-E2AS1#3.8","4.3.7.0.1",2023-02-06 22:34:58.495970000,226,
"NZ_NZBC-E2AS1#3.8","4.3.9.0.1",2023-02-06 22:34:58.495970000,227,
"NZ_NZBC-E2AS1#3.8","4.3.9.0.2",2023-02-06 22:34:58.495970000,228,
"NZ_NZBC-E2AS1#3.8","4.3.10.0.1",2023-02-06 22:34:58.495970000,229,
"NZ_NZBC-E2AS1#3.8","4.3.10.0.2",2023-02-06 22:34:58.495970000,230,
"NZ_NZBC-D1AS1#2.6","1.1.1.a",2023-02-06 22:34:58.495970000,231,
"NZ_NZBC-D1AS1#2.6","1.1.1.b",2023-02-06 22:34:58.495970000,232,
"NZ_NZBC-D1AS1#2.6","1.1.3",2023-02-06 22:34:58.495970000,233,
"NZ_NZBC-D1AS1#2.6","1.1.4",2023-02-06 22:34:58.495970000,234,
"NZ_NZBC-D1AS1#2.6","1.1.5",2023-02-06 22:34:58.495970000,235,
"NZ_NZBC-D1AS1#2.6","1.2",2023-02-06 22:34:58.495970000,236,
"NZ_NZBC-D1AS1#2.6","1.3.1",2023-02-06 22:34:58.495970000,237,
"NZ_NZBC-D1AS1#2.6","1.3.2",2023-02-06 22:34:58.495970000,238,
"NZ_NZBC-D1AS1#2.6","1.4",2023-02-06 22:34:58.495970000,239,
"NZ_NZBC-D1AS1#2.6","2.1.2.0.1",2023-02-06 22:34:58.495970000,240,
"NZ_NZBC-E2AS1#3.8","1.1.1.0.1",2023-02-06 22:34:58.495970000,241,
"NZ_NZBC-E2AS1#3.8","1.2.1.0.1",2023-02-06 22:34:58.495970000,242,
"NZ_NZBC-E2AS1#3.8","2.1.0.1",2023-02-06 22:34:58.495970000,243,
"NZ_NZBC-E2AS1#3.8","3.3.0.1",2023-02-06 22:34:58.495970000,244,
"NZ_NZBC-B1AS1#0.17","4.1.4.0.2",2023-02-06 22:34:58.495970000,245,
"NZ_NZBC-B1AS1#0.17","5.1.0.1",2023-02-06 22:34:58.495970000,246,
"NZ_NZBC-B1AS1#0.17","6.1.0.1",2023-02-06 22:34:58.495970000,247,
"NZ_NZBC-B1AS1#0.17","7.3.1.0.1",2023-02-06 22:34:58.495970000,248,
"NZ_NZBC-B1AS1#0.17","7.3.1.0.2a",2023-02-06 22:34:58.495970000,249,
"NZ_NZBC-B1AS1#0.17","7.3.1.0.2b",2023-02-06 22:34:58.495970000,250,
"NZ_NZBC-B1AS1#0.17","7.3.1.0.2c",2023-02-06 22:34:58.495970000,251,
"NZ_NZBC-B1AS1#0.17","7.3.1.0.2d",2023-02-06 22:34:58.495970000,252,
"NZ_NZBC-B1AS1#0.17","7.3.1.0.3",2023-02-06 22:34:58.495970000,253,
"NZ_NZBC-B1AS1#0.17","7.3.1.0.4",2023-02-06 22:34:58.495970000,254,
"NZ_NZBC-B1AS1#0.17","7.3.1.0.5",2023-02-06 22:34:58.495970000,255,
"NZ_NZBC-E2AS1#3.8","6.4.0.4",2023-02-06 22:34:58.495970000,256,
"NZ_NZBC-E2AS1#3.8","6.5.0.1.a.1",2023-02-06 22:34:58.495970000,257,
"NZ_NZBC-E2AS1#3.8","6.5.0.1.c.1",2023-02-06 22:34:58.495970000,258,
"NZ_NZBC-E2AS1#3.8","7.1.1.0.1.b.1",2023-02-06 22:34:58.495970000,259,
"NZ_NZBC-E2AS1#3.8","7.1.2.0.1",2023-02-06 22:34:58.495970000,260,
"NZ_NZBC-E2AS1#3.8","7.2.1.0.1",2023-02-06 22:34:58.495970000,261,
"NZ_NZBC-E2AS1#3.8","8.2.1.1.0.0.a.1",2023-02-06 22:34:58.495970000,262,
"NZ_NZBC-E2AS1#3.8","8.2.1.1.0.0.b.1",2023-02-06 22:34:58.495970000,263,
"NZ_NZBC-E2AS1#3.8","8.2.1.1.0.0.c.1",2023-02-06 22:34:58.495970000,264,
"NZ_NZBC-E2AS1#3.8","8.2.3.0.1",2023-02-06 22:34:58.495970000,265,
"NZ_NZBC-E2AS1#3.8","8.2.3.0.2",2023-02-06 22:34:58.495970000,266,
"NZ_NZBC-E2AS1#3.8","8.2.3.0.3",2023-02-06 22:34:58.495970000,267,
"NZ_NZBC-E2AS1#3.8","8.2.3.0.4",2023-02-06 22:34:58.495970000,268,
"NZ_NZBC-E2AS1#3.8","8.2.3.0.5",2023-02-06 22:34:58.495970000,269,
"NZ_NZBC-E2AS1#3.8","8.2.3.0.6",2023-02-06 22:34:58.495970000,270,
"NZ_NZBC-E2AS1#3.8","8.1.1.0.1",2023-02-06 22:34:58.495970000,271,
"NZ_NZBC-E2AS1#3.8","8.1.2.0.1",2023-02-06 22:34:58.495970000,272,
"NZ_NZBC-E2AS1#3.8","8.1.2.0.2",2023-02-06 22:34:58.495970000,273,
"NZ_NZBC-E2AS1#3.8","8.1.3.1.0.1",2023-02-06 22:34:58.495970000,274,
"NZ_NZBC-E2AS1#3.8","8.1.4.0.1",2023-02-06 22:34:58.495970000,275,
"NZ_NZBC-E2AS1#3.8","8.1.5.0.1",2023-02-06 22:34:58.495970000,276,
"NZ_NZBC-E2AS1#3.8","8.1.5.0.2",2023-02-06 22:34:58.495970000,277,
"NZ_NZBC-E2AS1#3.8","8.1.6.0.1",2023-02-06 22:34:58.495970000,278,
"NZ_NZBC-E2AS1#3.8","8.1.6.0.1.a.1",2023-02-06 22:34:58.495970000,279,
"NZ_NZBC-E2AS1#3.8","8.1.6.1.0.0.a.1",2023-02-06 22:34:58.495970000,280,
"NZ_NZBC-E2AS1#3.8","8.1.6.1.0.0.b.1",2023-02-06 22:34:58.495970000,281,
"NZ_NZBC-E2AS1#3.8","8.1.6.1.0.0.c.1",2023-02-06 22:34:58.495970000,282,
"NZ_NZBC-E2AS1#3.8","8.1.6.1.0.0.e.1",2023-02-06 22:34:58.495970000,283,
"NZ_NZBC-E2AS1#3.8","8.1.6.2.0.2",2023-02-06 22:34:58.495970000,284,
"NZ_NZBC-E2AS1#3.8","8.1.7.0.1",2023-02-06 22:34:58.495970000,285,
"NZ_NZBC-E2AS1#3.8","8.1.7.0.2",2023-02-06 22:34:58.495970000,286,
"NZ_NZBC-E2AS1#3.8","8.1.7.0.2.b.1",2023-02-06 22:34:58.495970000,287,
"NZ_NZBC-E2AS1#3.8","8.2.1.0.1",2023-02-06 22:34:58.495970000,288,
"NZ_NZBC-E2AS1#3.8","8.2.1.0.2",2023-02-06 22:34:58.495970000,289,
"NZ_NZBC-E2AS1#3.8","4.4.0.1",2023-02-06 22:34:58.495970000,290,
"NZ_NZBC-E2AS1#3.8","4.5.1.0.1",2023-02-06 22:34:58.495970000,291,
"NZ_NZBC-E2AS1#3.8","4.5.2.0.1.c.1",2023-02-06 22:34:58.495970000,292,
"NZ_NZBC-E2AS1#3.8","4.5.2.0.1.d.1",2023-02-06 22:34:58.495970000,293,
"NZ_NZBC-E2AS1#3.8","4.5.2.0.1.e.1",2023-02-06 22:34:58.495970000,294,
"NZ_NZBC-E2AS1#3.8","4.6.0.4",2023-02-06 22:34:58.495970000,295,
"NZ_NZBC-E2AS1#3.8","6.1.0.1",2023-02-06 22:34:58.495970000,296,
"NZ_NZBC-E2AS1#3.8","8.3.8.0.1",2023-02-06 22:34:58.495970000,297,
"NZ_NZBC-E2AS1#3.8","8.3.10.0.1",2023-02-06 22:34:58.495970000,298,
"NZ_NZBC-E2AS1#3.8","8.4.1.0.2",2023-02-06 22:34:58.495970000,299,
"NZ_NZBC-E2AS1#3.8","8.4.3.3.0.1",2023-02-06 22:34:58.495970000,300,
"NZ_NZBC-E2AS1#3.8","8.4.3.3.0.2",2023-02-06 22:34:58.495970000,301,
"NZ_NZBC-E2AS1#3.8","8.4.4.0.1",2023-02-06 22:34:58.495970000,302,
"NZ_NZBC-E2AS1#3.8","8.4.5.0.1",2023-02-06 22:34:58.495970000,303,
"NZ_NZBC-E2AS1#3.8","8.4.6.0.1",2023-02-06 22:34:58.495970000,304,
"NZ_NZBC-E2AS1#3.8","8.4.16.0.1",2023-02-06 22:34:58.495970000,305,
"NZ_NZBC-E2AS1#3.8","8.4.16.1.0.1",2023-02-06 22:34:58.495970000,306,
"NZ_NZBC-E2AS1#3.8","8.4.16.3.0.1",2023-02-06 22:34:58.495970000,307,
"NZ_NZBC-E2AS1#3.8","8.4.17.0.1",2023-02-06 22:34:58.495970000,308,
"NZ_NZBC-E2AS1#3.8","8.4.17.0.3",2023-02-06 22:34:58.495970000,309,
"NZ_NZBC-E2AS1#3.8","8.5.5.1.0.1",2023-02-06 22:34:58.495970000,310,
"NZ_NZBC-E2AS1#3.8","8.5.6.0.1.a.1",2023-02-06 22:34:58.495970000,311,
"NZ_NZBC-E2AS1#3.8","8.5.9.0.1",2023-02-06 22:34:58.495970000,312,
"NZ_NZBC-E2AS1#3.8","8.5.9.1.0.1",2023-02-06 22:34:58.495970000,313,
"NZ_NZBC-E2AS1#3.8","9.1.0.1",2023-02-06 22:34:58.495970000,314,
"NZ_NZBC-E2AS1#3.8","9.1.0.2",2023-02-06 22:34:58.495970000,315,
"NZ_NZBC-E2AS1#3.8","8.4.7.0.1",2023-02-06 22:34:58.495970000,316,
"NZ_NZBC-E2AS1#3.8","8.4.8.0.1",2023-02-06 22:34:58.495970000,317,
"NZ_NZBC-E2AS1#3.8","8.4.8.1.0.2",2023-02-06 22:34:58.495970000,318,
"NZ_NZBC-E2AS1#3.8","8.4.10.0.1",2023-02-06 22:34:58.495970000,319,
"NZ_NZBC-E2AS1#3.8","8.4.11.1.1.a.1",2023-02-06 22:34:58.495970000,320,
"NZ_NZBC-E2AS1#3.8","8.4.11.1.1.b.1",2023-02-06 22:34:58.495970000,321,
"NZ_NZBC-E2AS1#3.8","8.4.11.1.1.c.1",2023-02-06 22:34:58.495970000,322,
"NZ_NZBC-E2AS1#3.8","8.4.13.0.1",2023-02-06 22:34:58.495970000,323,
"NZ_NZBC-E2AS1#3.8","8.4.14.0.1",2023-02-06 22:34:58.495970000,324,
"NZ_NZBC-E2AS1#3.8","8.2.5.0.1",2023-02-06 22:34:58.495970000,325,
"NZ_NZBC-E2AS1#3.8","8.2.7.0.1",2023-02-06 22:34:58.495970000,326,
"NZ_NZBC-E2AS1#3.8","8.3.1.0.1",2023-02-06 22:34:58.495970000,327,
"NZ_NZBC-E2AS1#3.8","8.3.3.0.1",2023-02-06 22:34:58.495970000,328,
"NZ_NZBC-E2AS1#3.8","8.3.4.2.0.2",2023-02-06 22:34:58.495970000,329,
"NZ_NZBC-E2AS1#3.8","8.3.4.3.0.1",2023-02-06 22:34:58.495970000,330,
"NZ_NZBC-E2AS1#3.8","8.3.5.0.3",2023-02-06 22:34:58.495970000,331,
"NZ_NZBC-E2AS1#3.8","8.3.6.0.1",2023-02-06 22:34:58.495970000,332,
"NZ_NZBC-E2AS1#3.8","8.3.7.0.1.a.2",2023-02-06 22:34:58.495970000,333,
"NZ_NZBC-E2AS1#3.8","9.1.3.4.0.1",2023-02-06 22:34:58.495970000,334,
"NZ_NZBC-E2AS1#3.8","9.1.3.5.0.1",2023-02-06 22:34:58.495970000,335,
"NZ_NZBC-E2AS1#3.8","9.2.2.0.0.a.1",2023-02-06 22:34:58.495970000,336,
"NZ_NZBC-G12AS2#3.12","3.4.1.0.1",2023-02-06 22:34:58.495970000,337,
"NZ_NZBC-G12AS2#3.12","3.4.2.0.1",2023-02-06 22:34:58.495970000,338,
"NZ_NZBC-G12AS2#3.12","4.2.1.0.1",2023-02-06 22:34:58.495970000,339,
"NZ_NZBC-G12AS2#3.12","4.2.2.0.1",2023-02-06 22:34:58.495970000,340,
"NZ_NZBC-G12AS2#3.12","5.0.1.0.1",2023-02-06 22:34:58.495970000,341,
"NZ_NZBC-G12AS2#3.12","5.0.2.0.1",2023-02-06 22:34:58.495970000,342,
"NZ_NZBC-G12AS2#3.12","5.0.3.0.1",2023-02-06 22:34:58.495970000,343,
"NZ_NZBC-G12AS2#3.12","5.1.1.0.1",2023-02-06 22:34:58.495970000,344,
"NZ_NZBC-G12AS2#3.12","5.2.3.0.1",2023-02-06 22:34:58.495970000,345,
"NZ_NZBC-G12AS2#3.12","5.2.4.0.1",2023-02-06 22:34:58.495970000,346,
"NZ_NZBC-G12AS2#3.12","5.2.5.0.1.a.1",2023-02-06 22:34:58.495970000,347,
"NZ_NZBC-G12AS2#3.12","5.2.5.0.1.b.1",2023-02-06 22:34:58.495970000,348,
"NZ_NZBC-G12AS2#3.12","5.2.7.0.1",2023-02-06 22:34:58.495970000,349,
"NZ_NZBC-E2AS1#3.8","9.7.1.0.1",2023-02-06 22:34:58.495970000,350,
"NZ_NZBC-E2AS1#3.8","9.7.2.0.1",2023-02-06 22:34:58.495970000,351,
"NZ_NZBC-E2AS1#3.8","9.9.7.0.1",2023-02-06 22:34:58.495970000,352,
"NZ_NZBC-E2AS1#3.8","9.9.8.0.1",2023-02-06 22:34:58.495970000,353,
"NZ_NZBC-E2AS1#3.8","9.9.10.0.1",2023-02-06 22:34:58.495970000,354,
"NZ_NZBC-E2AS1#3.8","9.9.10.0.2",2023-02-06 22:34:58.495970000,355,
"NZ_NZBC-G12AS2#3.12","1.0.1.0.1",2023-02-06 22:34:58.495970000,356,
"NZ_NZBC-G12AS2#3.12","1.0.2.0.1",2023-02-06 22:34:58.495970000,357,
"NZ_NZBC-G12AS2#3.12","1.0.2.0.2",2023-02-06 22:34:58.495970000,358,
"NZ_NZBC-G12AS2#3.12","1.1.1.0.1",2023-02-06 22:34:58.495970000,359,
"NZ_NZBC-G12AS2#3.12","2.1.1.0.1",2023-02-06 22:34:58.495970000,360,
"NZ_NZBC-G12AS2#3.12","2.1.3.0.1",2023-02-06 22:34:58.495970000,361,
"NZ_NZBC-G12AS2#3.12","2.1.4.0.1",2023-02-06 22:34:58.495970000,362,
"NZ_NZBC-G12AS2#3.12","3.1.1.0.1",2023-02-06 22:34:58.495970000,363,
"NZ_NZBC-G12AS2#3.12","3.1.2.0.1",2023-02-06 22:34:58.495970000,364,
"NZ_NZBC-G12AS2#3.12","3.2.1.0.1",2023-02-06 22:34:58.495970000,365,
"NZ_NZBC-G12AS2#3.12","3.2.3.0.1",2023-02-06 22:34:58.495970000,366,
"NZ_NZBC-G12AS2#3.12","3.3.1.0.1",2023-02-06 22:34:58.495970000,367,
"NZ_NZBC-E2AS1#3.8","9.1.1.0.1",2023-02-06 22:34:58.495970000,368,
"NZ_NZBC-E2AS1#3.8","9.1.2.0.1",2023-02-06 22:34:58.495970000,369,
"NZ_NZBC-E2AS1#3.8","9.1.3.0.1",2023-02-06 22:34:58.495970000,370,
"NZ_NZBC-E2AS1#3.8","9.1.3.0.2",2023-02-06 22:34:58.495970000,371,
"NZ_NZBC-E2AS1#3.8","9.1.3.0.4",2023-02-06 22:34:58.495970000,372,
"NZ_NZBC-G12AS2#3.12","6.2.7.0.1",2023-02-06 22:34:58.495970000,373,
"NZ_NZBC-G12AS2#3.12","6.3.1.0.1",2023-02-06 22:34:58.495970000,374,
"NZ_NZBC-G12AS2#3.12","6.3.2.0.1",2023-02-06 22:34:58.495970000,375,
"NZ_NZBC-G12AS2#3.12","6.4.2.0.1",2023-02-06 22:34:58.495970000,376,
"NZ_NZBC-G12AS2#3.12","6.5.1.0.1",2023-02-06 22:34:58.495970000,377,
"NZ_NZBC-G12AS2#3.12","6.6.1.0.1",2023-02-06 22:34:58.495970000,378,
"NZ_NZBC-G12AS2#3.12","6.6.3.0.1.a.1",2023-02-06 22:34:58.495970000,379,
"NZ_NZBC-G12AS2#3.12","6.6.3.0.1.a.2",2023-02-06 22:34:58.495970000,380,
"NZ_NZBC-G12AS2#3.12","6.6.3.0.2",2023-02-06 22:34:58.495970000,381,
"NZ_NZBC-G13AS1#2.7","4.2.1.0.1",2023-02-06 22:34:58.495970000,382,
"NZ_NZBC-G13AS1#2.7","4.4.1.0.1",2023-02-06 22:34:58.495970000,383,
"NZ_NZBC-G13AS1#2.7","4.5.1.0.1",2023-02-06 22:34:58.495970000,384,
"NZ_NZBC-G13AS1#2.7","4.5.2.0.1",2023-02-06 22:34:58.495970000,385,
"NZ_NZBC-G13AS1#2.7","4.6.1.0.1",2023-02-06 22:34:58.495970000,386,
"NZ_NZBC-G13AS1#2.7","4.6.2.0.1",2023-02-06 22:34:58.495970000,387,
"NZ_NZBC-G13AS1#2.7","5.1.1.0.1",2023-02-06 22:34:58.495970000,388,
"NZ_NZBC-G13AS1#2.7","5.3.1.0.1",2023-02-06 22:34:58.495970000,389,
"NZ_NZBC-G13AS1#2.7","5.6.1.0.1",2023-02-06 22:34:58.495970000,390,
"NZ_NZBC-G13AS1#2.7","5.6.1.0.2",2023-02-06 22:34:58.495970000,391,
"NZ_NZBC-G13AS1#2.7","5.7.1.0.1",2023-02-06 22:34:58.495970000,392,
"NZ_NZBC-G13AS1#2.7","5.8.1.0.1",2023-02-06 22:34:58.495970000,393,
"NZ_NZBC-G13AS1#2.7","5.8.2.0.1",2023-02-06 22:34:58.495970000,394,
"NZ_NZBC-G12AS2#3.12","7.1.1.0.1",2023-02-06 22:34:58.495970000,395,
"NZ_NZBC-G12AS2#3.12","7.2.1.0.1",2023-02-06 22:34:58.495970000,396,
"NZ_NZBC-G12AS2#3.12","7.2.2.0.1",2023-02-06 22:34:58.495970000,397,
"NZ_NZBC-G13AS1#2.7","1.0.1.1",2023-02-06 22:34:58.495970000,398,
"NZ_NZBC-G13AS1#2.7","1.0.2.1",2023-02-06 22:34:58.495970000,399,
"NZ_NZBC-G13AS1#2.7","1.0.2.2",2023-02-06 22:34:58.495970000,400,
"NZ_NZBC-G13AS1#2.7","2.1.1.1",2023-02-06 22:34:58.495970000,401,
"NZ_NZBC-G13AS1#2.7","3.1.1.1",2023-02-06 22:34:58.495970000,402,
"NZ_NZBC-G13AS1#2.7","3.1.2.1",2023-02-06 22:34:58.495970000,403,
"NZ_NZBC-G13AS1#2.7","3.2.1.0.1",2023-02-06 22:34:58.495970000,404,
"NZ_NZBC-G13AS1#2.7","3.2.2.0.1",2023-02-06 22:34:58.495970000,405,
"NZ_NZBC-G13AS1#2.7","3.4.1.0.1",2023-02-06 22:34:58.495970000,406,
"NZ_NZBC-G13AS1#2.7","3.4.2.0.1",2023-02-06 22:34:58.495970000,407,
"NZ_NZBC-G13AS1#2.7","3.4.2.0.2",2023-02-06 22:34:58.495970000,408,
"NZ_NZBC-G13AS1#2.7","3.4.4.0.2",2023-02-06 22:34:58.495970000,409,
"NZ_NZBC-G13AS1#2.7","3.4.6.0.3",2023-02-06 22:34:58.495970000,410,
"NZ_NZBC-G12AS2#3.12","5.2.9.0.1",2023-02-06 22:34:58.495970000,411,
"NZ_NZBC-G12AS2#3.12","5.2.10.0.1",2023-02-06 22:34:58.495970000,412,
"NZ_NZBC-G12AS2#3.12","5.2.12.0.1",2023-02-06 22:34:58.495970000,413,
"NZ_NZBC-G12AS2#3.12","5.3.1.0.1",2023-02-06 22:34:58.495970000,414,
"NZ_NZBC-G12AS2#3.12","5.3.2.0.1",2023-02-06 22:34:58.495970000,415,
"NZ_NZBC-G12AS2#3.12","5.4.1.0.1",2023-02-06 22:34:58.495970000,416,
"NZ_NZBC-G12AS2#3.12","6.2.2.0.1",2023-02-06 22:34:58.495970000,417,
"NZ_NZBC-G12AS2#3.12","6.2.3.0.1",2023-02-06 22:34:58.495970000,418,
"NZ_NZBC-G12AS2#3.12","6.2.4.0.1",2023-02-06 22:34:58.495970000,419,
"NZ_NZBC-G12AS2#3.12","6.2.4.0.2",2023-02-06 22:34:58.495970000,420,
"NZ_NZBC-G12AS2#3.12","6.2.6.0.1.a.1",2023-02-06 22:34:58.495970000,421,
"NZ_NZBC-G12AS2#3.12","6.2.6.0.1.b.1",2023-02-06 22:34:58.495970000,422,
"NZ_NZBC-G12AS2#3.12","6.2.6.0.1.c.1",2023-02-06 22:34:58.495970000,423,
"NZ_NZBC-G13AS2#2.7","3.1.1.0.1",2023-02-06 22:34:58.495970000,424,
"NZ_NZBC-G13AS2#2.7","3.2.1.0.1",2023-02-06 22:34:58.495970000,425,
"NZ_NZBC-G13AS2#2.7","3.3.1.0.1",2023-02-06 22:34:58.495970000,426,
"NZ_NZBC-G13AS2#2.7","3.3.1.0.1.a.i.1",2023-02-06 22:34:58.495970000,427,
"NZ_NZBC-G13AS2#2.7","3.3.1.0.1.b.1",2023-02-06 22:34:58.495970000,428,
"NZ_NZBC-G13AS2#2.7","3.3.1.0.1.c.1",2023-02-06 22:34:58.495970000,429,
"NZ_NZBC-G13AS2#2.7","3.3.1.0.1.d.1",2023-02-06 22:34:58.495970000,430,
"NZ_NZBC-G13AS2#2.7","5.1.1.0.1",2023-02-06 22:34:58.495970000,431,
"NZ_NZBC-G13AS2#2.7","5.1.2.0.1",2023-02-06 22:34:58.495970000,432,
"NZ_NZBC-G13AS2#2.7","5.3.1.0.1",2023-02-06 22:34:58.495970000,433,
"NZ_NZBC-G13AS2#2.7","5.4.1.0.1.1",2023-02-06 22:34:58.495970000,434,
"NZ_NZBC-G13AS2#2.7","5.8.2.0.1.b.1",2023-02-06 22:34:58.495970000,435,
"NZ_NZBC-G13AS2#2.7","5.9.1.0.1",2023-02-06 22:34:58.495970000,436,
"NZ_NZBC-G13AS2#2.7","5.9.3.0.1",2023-02-06 22:34:58.495970000,437,
"NZ_NZBC-G13AS2#2.7","5.10.1.0.1",2023-02-06 22:34:58.495970000,438,
"NZ_NZBC-G13AS2#2.7","6.1.1.0.1",2023-02-06 22:34:58.495970000,439,
"NZ_NZBC-G13AS2#2.7","6.1.3.0.1",2023-02-06 22:34:58.495970000,440,
"NZ_NZBC-G13AS2#2.7","6.1.5.0.1",2023-02-06 22:34:58.495970000,441,
"NZ_NZBC-G15AS1#2.7","1.0.1",2023-02-06 22:34:58.495970000,442,
"NZ_NZBC-G15AS1#2.7","1.0.2",2023-02-06 22:34:58.495970000,443,
"NZ_NZBC-G15AS1#2.7","1.0.3",2023-02-06 22:34:58.495970000,444,
"NZ_NZBC-G13AS2#2.7","3.3.1.0.1.g.1",2023-02-06 22:34:58.495970000,445,
"NZ_NZBC-G13AS2#2.7","3.3.1.0.1.i.1",2023-02-06 22:34:58.495970000,446,
"NZ_NZBC-G13AS2#2.7","3.3.2.0.1",2023-02-06 22:34:58.495970000,447,
"NZ_NZBC-G13AS2#2.7","3.3.2.0.1.a.1",2023-02-06 22:34:58.495970000,448,
"NZ_NZBC-G13AS2#2.7","3.3.2.0.1.b.1",2023-02-06 22:34:58.495970000,449,
"NZ_NZBC-G13AS2#2.7","3.3.2.0.1.c.1",2023-02-06 22:34:58.495970000,450,
"NZ_NZBC-G13AS2#2.7","3.3.2.0.1.d.1",2023-02-06 22:34:58.495970000,451,
"NZ_NZBC-G13AS2#2.7","3.4.1.0.1",2023-02-06 22:34:58.495970000,452,
"NZ_NZBC-G13AS2#2.7","3.4.2.0.1",2023-02-06 22:34:58.495970000,453,
"NZ_NZBC-G13AS2#2.7","3.4.3.0.1",2023-02-06 22:34:58.495970000,454,
"NZ_NZBC-G13AS2#2.7","3.4.4.0.1",2023-02-06 22:34:58.495970000,455,
"NZ_NZBC-G13AS2#2.7","3.4.5.0.1",2023-02-06 22:34:58.495970000,456,
"NZ_NZBC-G13AS2#2.7","3.4.6.0.1",2023-02-06 22:34:58.495970000,457,
"NZ_NZBC-G13AS2#2.7","3.5.1.0.1",2023-02-06 22:34:58.495970000,458,
"NZ_NZBC-G13AS2#2.7","3.5.2.0.1",2023-02-06 22:34:58.495970000,459,
"NZ_NZBC-G13AS2#2.7","3.5.3.0.1",2023-02-06 22:34:58.495970000,460,
"NZ_NZBC-G13AS2#2.7","3.6.1.0.1",2023-02-06 22:34:58.495970000,461,
"NZ_NZBC-G13AS2#2.7","3.6.2.0.1",2023-02-06 22:34:58.495970000,462,
"NZ_NZBC-G13AS2#2.7","3.6.2.0.2",2023-02-06 22:34:58.495970000,463,
"NZ_NZBC-G13AS2#2.7","4.1.1.0.1",2023-02-06 22:34:58.495970000,464,
"NZ_NZBC-G13AS2#2.7","4.1.2.0.1",2023-02-06 22:34:58.495970000,465,
"NZ_NZBC-G13AS2#2.7","4.2.1.0.1",2023-02-06 22:34:58.495970000,466,
"NZ_NZBC-G13AS2#2.7","4.2.2.0.1",2023-02-06 22:34:58.495970000,467,
"NZ_NZBC-G13AS1#2.7","5.8.3.0.2",2023-02-06 22:34:58.495970000,468,
"NZ_NZBC-G13AS1#2.7","6.1.1.0.1",2023-02-06 22:34:58.495970000,469,
"NZ_NZBC-G13AS1#2.7","6.2.1.0.1",2023-02-06 22:34:58.495970000,470,
"NZ_NZBC-G13AS1#2.7","6.4.1.0.1",2023-02-06 22:34:58.495970000,471,
"NZ_NZBC-G13AS2#2.7","1.0.1.0.1",2023-02-06 22:34:58.495970000,472,
"NZ_NZBC-G13AS2#2.7","1.0.2.0.1",2023-02-06 22:34:58.495970000,473,
"NZ_NZBC-G13AS2#2.7","2.0.1.0.1",2023-02-06 22:34:58.495970000,474,
"NZ_NZBC-G15AS1#2.7","4.0.1",2023-02-06 22:34:58.495970000,475,
"NZ_NZBC-G15AS1#2.7","4.0.2.1",2023-02-06 22:34:58.495970000,476,
"NZ_NZBC-G15AS1#2.7","4.0.3",2023-02-06 22:34:58.495970000,477,
"NZ_NZBC-B1AS3#0.17","1.1.1.0.1",2023-02-06 22:34:58.495970000,478,
"NZ_NZBC-B1AS3#0.17","1.1.2.0.1",2023-02-06 22:34:58.495970000,479,
"NZ_NZBC-B1AS3#0.17","1.1.2.0.2",2023-02-06 22:34:58.495970000,480,
"NZ_NZBC-B1AS3#0.17","1.1.3.0.1.a.1",2023-02-06 22:34:58.495970000,481,
"NZ_NZBC-B1AS3#0.17","1.1.3.0.1.a.2",2023-02-06 22:34:58.495970000,482,
"NZ_NZBC-B1AS3#0.17","1.6.1.0.1",2023-02-06 22:34:58.495970000,483,
"NZ_NZBC-B1AS3#0.17","1.6.1.0.2",2023-02-06 22:34:58.495970000,484,
"NZ_NZBC-B1AS3#0.17","1.6.1.0.3",2023-02-06 22:34:58.495970000,485,
"NZ_NZBC-B1AS3#0.17","1.7.2.0.1",2023-02-06 22:34:58.495970000,486,
"NZ_NZBC-B1AS3#0.17","1.7.3.0.1",2023-02-06 22:34:58.495970000,487,
"NZ_NZBC-B1AS3#0.17","1.7.6.0.1",2023-02-06 22:34:58.495970000,488,
"NZ_NZBC-B1AS3#0.17","1.7.7.0.1",2023-02-06 22:34:58.495970000,489,
"NZ_NZBC-B1AS3#0.17","1.7.7.0.2",2023-02-06 22:34:58.495970000,490,
"NZ_NZBC-B1AS3#0.17","1.1.3.0.1.a.3",2023-02-06 22:34:58.495970000,491,
"NZ_NZBC-B1AS3#0.17","1.1.3.0.1.b.1",2023-02-06 22:34:58.495970000,492,
"NZ_NZBC-B1AS3#0.17","1.1.3.0.1.b.2",2023-02-06 22:34:58.495970000,493,
"NZ_NZBC-B1AS3#0.17","1.1.4.0.1",2023-02-06 22:34:58.495970000,494,
"NZ_NZBC-B1AS3#0.17","1.2.1.0.1.a.1",2023-02-06 22:34:58.495970000,495,
"NZ_NZBC-B1AS3#0.17","1.2.1.0.1.a.2",2023-02-06 22:34:58.495970000,496,
"NZ_NZBC-B1AS3#0.17","1.2.1.0.1.b.1",2023-02-06 22:34:58.495970000,497,
"NZ_NZBC-B1AS3#0.17","1.2.1.0.1.c.1",2023-02-06 22:34:58.495970000,498,
"NZ_NZBC-B1AS3#0.17","1.3.3.0.1",2023-02-06 22:34:58.495970000,499,
"NZ_NZBC-B1AS3#0.17","1.4.1.0.1",2023-02-06 22:34:58.495970000,500,
"NZ_NZBC-B1AS3#0.17","1.5.1.0.1",2023-02-06 22:34:58.495970000,501,
"NZ_NZBC-G15AS1#2.7","2.0.1",2023-02-06 22:34:58.495970000,502,
"NZ_NZBC-G15AS1#2.7","3.0.1.1",2023-02-06 22:34:58.495970000,503,
"NZ_NZBC-G15AS1#2.7","3.0.1.2",2023-02-06 22:34:58.495970000,504,
"NZ_NZBC-G15AS1#2.7","3.0.1.3",2023-02-06 22:34:58.495970000,505,
"NZ_NZBC-G15AS1#2.7","3.0.1.4",2023-02-06 22:34:58.495970000,506,
"NZ_NZBC-G15AS1#2.7","3.0.2",2023-02-06 22:34:58.495970000,507,
"NZ_NZBC-G15AS1#2.7","3.0.3",2023-02-06 22:34:58.495970000,508,
"NZ_NZBC-G15AS1#2.7","3.0.4",2023-02-06 22:34:58.495970000,509,
"NZ_NZBC-G15AS1#2.7","3.0.5",2023-02-06 22:34:58.495970000,510,
"NZ_NZBC-G15AS1#2.7","3.0.6",2023-02-06 22:34:58.495970000,511,
"NZ_NZBC-G15AS1#2.7","3.0.7",2023-02-06 22:34:58.495970000,512,
"NZ_NZBC-G15AS1#2.7","3.0.8",2023-02-06 22:34:58.495970000,513,
"NZ_NZBC-G15AS1#2.7","3.0.9",2023-02-06 22:34:58.495970000,514,
"NZ_NZBC-G15AS1#2.7","3.0.10",2023-02-06 22:34:58.495970000,515,
"NZ_NZBC-G15AS1#2.7","3.1.1",2023-02-06 22:34:58.495970000,516,
"NZ_NZBC-B1AS3#0.17","1.7.13.0.1",2023-02-06 22:34:58.495970000,517,
"NZ_NZBC-B1AS3#0.17","1.7.14.0.1",2023-02-06 22:34:58.495970000,518,
"NZ_NZBC-B1AS3#0.17","1.7.15.0.1.1",2023-02-06 22:34:58.495970000,519,
"NZ_NZBC-B1AS3#0.17","1.7.15.0.1.2",2023-02-06 22:34:58.495970000,520,
"NZ_NZBC-B1AS3#0.17","1.9.1.0.1",2023-02-06 22:34:58.495970000,521,
"NZ_NZBC-B1AS3#0.17","1.9.3.0.1",2023-02-06 22:34:58.495970000,522,
"NZ_NZBC-B1AS3#0.17","1.9.4.0.1.a.1",2023-02-06 22:34:58.495970000,523,
"NZ_NZBC-B1AS3#0.17","1.9.4.0.1.b.1",2023-02-06 22:34:58.495970000,524,
"NZ_NZBC-B1AS3#0.17","1.9.4.0.1.c.1",2023-02-06 22:34:58.495970000,525,
"NZ_NZBC-B1AS3#0.17","1.9.5.0.1",2023-02-06 22:34:58.495970000,526,
"NZ_NZBC-B1AS3#0.17","1.9.6.0.1",2023-02-06 22:34:58.495970000,527,
"NZ_NZBC-B1AS3#0.17","2.1.1.0.1",2023-02-06 22:34:58.495970000,528,
"NZ_NZBC-B1AS3#0.17","1.7.15.0.1.3",2023-02-06 22:34:58.495970000,529,
"NZ_NZBC-B1AS3#0.17","1.7.16.0.1.1",2023-02-06 22:34:58.495970000,530,
"NZ_NZBC-B1AS3#0.17","1.7.16.0.1.2",2023-02-06 22:34:58.495970000,531,
"NZ_NZBC-B1AS3#0.17","1.7.16.0.1.3",2023-02-06 22:34:58.495970000,532,
"NZ_NZBC-B1AS3#0.17","1.7.16.0.1.4",2023-02-06 22:34:58.495970000,533,
"NZ_NZBC-B1AS3#0.17","1.8.1.0.1",2023-02-06 22:34:58.495970000,534,
"NZ_NZBC-B1AS3#0.17","1.8.2.0.1",2023-02-06 22:34:58.495970000,535,
"NZ_NZBC-B1AS3#0.17","1.8.2.0.2",2023-02-06 22:34:58.495970000,536,
"NZ_NZBC-B1AS3#0.17","1.8.2.0.3",2023-02-06 22:34:58.495970000,537,
"NZ_NZBC-B1AS3#0.17","1.8.3.0.1",2023-02-06 22:34:58.495970000,538,
"NZ_NZBC-B1AS3#0.17","1.8.4.0.1",2023-02-06 22:34:58.495970000,539,
"NZ_NZBC-B1AS3#0.17","1.8.5.0.1",2023-02-06 22:34:58.495970000,540,
"NZ_NZBC-B1AS3#0.17","1.8.5.0.1.a.1",2023-02-06 22:34:58.495970000,541,
"NZ_NZBC-B1AS3#0.17","1.8.5.0.1.b.1",2023-02-06 22:34:58.495970000,542,
"NZ_NZBC-B1AS3#0.17","1.8.5.0.1.c.1",2023-02-06 22:34:58.495970000,543,
"NZ_NZBC-B1AS3#0.17","1.8.6.0.1",2023-02-06 22:34:58.495970000,544,
"NZ_NZBC-B1AS3#0.17","1.7.8.0.1",2023-02-06 22:34:58.495970000,545,
"NZ_NZBC-B1AS3#0.17","1.7.9.0.1",2023-02-06 22:34:58.495970000,546,
"NZ_NZBC-B1AS3#0.17","1.7.10.0.1",2023-02-06 22:34:58.495970000,547,
"NZ_NZBC-B1AS3#0.17","1.7.10.0.2",2023-02-06 22:34:58.495970000,548,
"NZ_NZBC-G14VM1#2.6","1.4.1.8",2023-02-06 22:34:58.495970000,549,
"NZ_NZBC-G14VM1#2.6","1.4.1.9",2023-02-06 22:34:58.495970000,550,
"NZ_NZBC-G14VM1#2.6","1.4.1.10",2023-02-06 22:34:58.495970000,551,
"NZ_NZBC-G14VM1#2.6","1.4.1.11",2023-02-06 22:34:58.495970000,552,
"NZ_NZBC-G14VM1#2.6","1.4.1.12",2023-02-06 22:34:58.495970000,553,
"NZ_NZBC-G14VM1#2.6","1.4.2",2023-02-06 22:34:58.495970000,554,
"NZ_NZBC-G14VM1#2.6","1.5.1",2023-02-06 22:34:58.495970000,555,
"NZ_NZBC-G14VM1#2.6","1.5.2",2023-02-06 22:34:58.495970000,556,
"NZ_NZBC-G14VM1#2.6","1.6.1",2023-02-06 22:34:58.495970000,557,
"NZ_NZBC-G14VM1#2.6","1.6.2",2023-02-06 22:34:58.495970000,558,
"NZ_NZBC-G14VM1#2.6","1.6.3",2023-02-06 22:34:58.495970000,559,
"NZ_NZBC-G14VM1#2.6","1.7.1.1",2023-02-06 22:34:58.495970000,560,
"NZ_NZBC-G14VM1#2.6","1.7.1.2",2023-02-06 22:34:58.495970000,561,
"NZ_NZBC-G14VM1#2.6","1.8.1.1",2023-02-06 22:34:58.495970000,562,
"NZ_NZBC-G14VM1#2.6","1.8.1.2",2023-02-06 22:34:58.495970000,563,
"NZ_NZBC-E1AS1#1.10","3.5.3.0.1.1",2023-02-06 22:34:58.495970000,564,
"NZ_NZBC-E1AS1#1.10","c3.7.1.0.1",2023-02-06 22:34:58.495970000,565,
"NZ_NZBC-E1AS1#1.10","3.9.3.0.1.b.1",2023-02-06 22:34:58.495970000,566,
"NZ_NZBC-G1AS1#2.6","1.1.1",2023-02-06 22:34:58.495970000,567,
"NZ_NZBC-G1AS1#2.6","1.1.2",2023-02-06 22:34:58.495970000,568,
"NZ_NZBC-B1AS1#0.17","3.1.2.0.1",2023-02-06 22:34:58.495970000,569,
"NZ_NZBC-B1AS1#0.17","7.1.0.1",2023-02-06 22:34:58.495970000,570,
"NZ_NZBC-B1AS1#0.17","7.3.1.0.7.c.1",2023-02-06 22:34:58.495970000,571,
"NZ_NZBC-B1AS1#0.17","8.0.0.1",2023-02-06 22:34:58.495970000,572,
"NZ_NZBC-E3AS1#2.6","1.1.1a",2023-02-06 22:34:58.495970000,573,
"NZ_NZBC-E3AS1#2.6","1.1.1b",2023-02-06 22:34:58.495970000,574,
"NZ_NZBC-E3AS1#2.6","1.1.1c",2023-02-06 22:34:58.495970000,575,
"NZ_NZBC-E3AS1#2.6","1.1.1d",2023-02-06 22:34:58.495970000,576,
"NZ_NZBC-G14VM1#2.6","1.1.1",2023-02-06 22:34:58.495970000,577,
"NZ_NZBC-G14VM1#2.6","1.9.1.3",2023-02-06 22:34:58.495970000,578,
"NZ_NZBC-G14VM1#2.6","1.8.1.3",2023-02-06 22:34:58.495970000,579,
"NZ_NZBC-G14VM1#2.6","1.8.1.4",2023-02-06 22:34:58.495970000,580,
"NZ_NZBC-G14VM1#2.6","1.8.1.5",2023-02-06 22:34:58.495970000,581,
"NZ_NZBC-G14VM1#2.6","1.9.1.1",2023-02-06 22:34:58.495970000,582,
"NZ_NZBC-G14VM1#2.6","1.9.1.2",2023-02-06 22:34:58.495970000,583,
"NZ_NZBC-G14VM1#2.6","2.0.1",2023-02-06 22:34:58.495970000,584,
"NZ_NZBC-G14VM1#2.6","2.1.1",2023-02-06 22:34:58.495970000,585,
"NZ_NZBC-G14VM1#2.6","2.1.2",2023-02-06 22:34:58.495970000,586,
"NZ_NZBC-G14VM1#2.6","2.1.3",2023-02-06 22:34:58.495970000,587,
"NZ_NZBC-G14VM1#2.6","2.3.2",2023-02-06 22:34:58.495970000,588,
"NZ_NZBC-G14VM1#2.6","2.3.3",2023-02-06 22:34:58.495970000,589,
"NZ_NZBC-G14VM1#2.6","3.2.1",2023-02-06 22:34:58.495970000,590,
"NZ_NZBC-G12AS1#3.12","6.5.2.0.2",2023-02-06 22:34:58.495970000,591,
"NZ_NZBC-E1AS1#1.10","c1.0.1.0.1",2023-02-06 22:34:58.495970000,592,
"NZ_NZBC-B1AS3#0.17","2.2.1.0.1",2023-02-06 22:34:58.495970000,593,
"NZ_NZBC-B1AS3#0.17","2.2.2.0.1",2023-02-06 22:34:58.495970000,594,
"NZ_NZBC-B1AS3#0.17","2.2.3.0.1",2023-02-06 22:34:58.495970000,595,
"NZ_NZBC-B1AS3#0.17","2.2.4.0.1",2023-02-06 22:34:58.495970000,596,
"NZ_NZBC-G14VM1#2.6","1.1.2",2023-02-06 22:34:58.495970000,597,
"NZ_NZBC-G14VM1#2.6","1.4.1.1",2023-02-06 22:34:58.495970000,598,
"NZ_NZBC-G14VM1#2.6","1.4.1.2",2023-02-06 22:34:58.495970000,599,
"NZ_NZBC-G14VM1#2.6","1.4.1.3",2023-02-06 22:34:58.495970000,600,
"NZ_NZBC-G14VM1#2.6","1.4.1.4",2023-02-06 22:34:58.495970000,601,
"NZ_NZBC-G14VM1#2.6","1.4.1.5",2023-02-06 22:34:58.495970000,602,
"NZ_NZBC-G14VM1#2.6","1.4.1.6",2023-02-06 22:34:58.495970000,603,
"NZ_NZBC-G14VM1#2.6","1.4.1.7",2023-02-06 22:34:58.495970000,604,
"NZ_NZBC-G12AS2#3.12","6.6.3.0.1.a.3",2023-02-06 22:34:58.495970000,605,
"NZ_NZBC-E2AS1#3.8","1.1.0.1",2023-02-06 22:34:58.495970000,606,
"NZ_NZBC-E2AS1#3.8","1.1.0.2",2023-02-06 22:34:58.495970000,607,
"NZ_NZBC-E2AS1#3.8","1.2.2.0.1",2023-02-06 22:34:58.495970000,608,
"NZ_NZBC-E2AS1#3.8","3.1.2.0.1",2023-02-06 22:34:58.495970000,609,
"NZ_NZBC-E2AS1#3.8","4.2.0.1",2023-02-06 22:34:58.495970000,610,
"NZ_NZBC-E2AS1#3.8","4.2.1.0.1",2023-02-06 22:34:58.495970000,611,
"NZ_NZBC-E2AS1#3.8","4.2.2.0.2",2023-02-06 22:34:58.495970000,612,
"NZ_NZBC-E2AS1#3.8","4.3.1.0.1",2023-02-06 22:34:58.495970000,613,
"NZ_NZBC-E2AS1#3.8","4.3.2.0.1",2023-02-06 22:34:58.495970000,614,
"NZ_NZBC-E2AS1#3.8","4.3.3.0.1",2023-02-06 22:34:58.495970000,615,
"NZ_NZBC-E2AS1#3.8","4.3.4.0.1",2023-02-06 22:34:58.495970000,616,
"NZ_NZBC-E2AS1#3.8","4.3.8.0.1",2023-02-06 22:34:58.495970000,617,
"NZ_NZBC-E2AS1#3.8","1.2.3.0.1",2023-02-06 22:34:58.495970000,618,
"NZ_NZBC-E2AS1#3.8","1.3.0.1",2023-02-06 22:34:58.495970000,619,
"NZ_NZBC-E2AS1#3.8","1.4.0.1",2023-02-06 22:34:58.495970000,620,
"NZ_NZBC-E2AS1#3.8","2.1.0.2",2023-02-06 22:34:58.495970000,621,
"NZ_NZBC-E2AS1#3.8","2.2.0.1",2023-02-06 22:34:58.495970000,622,
"NZ_NZBC-E2AS1#3.8","2.3.0.1",2023-02-06 22:34:58.495970000,623,
"NZ_NZBC-E2AS1#3.8","2.3.0.2",2023-02-06 22:34:58.495970000,624,
"NZ_NZBC-E2AS1#3.8","2.4.0.1",2023-02-06 22:34:58.495970000,625,
"NZ_NZBC-E2AS1#3.8","2.5.0.1",2023-02-06 22:34:58.495970000,626,
"NZ_NZBC-E2AS1#3.8","2.5.0.2",2023-02-06 22:34:58.495970000,627,
"NZ_NZBC-E2AS1#3.8","2.5.1.0.1",2023-02-06 22:34:58.495970000,628,
"NZ_NZBC-E2AS1#3.8","3.1.0.1",2023-02-06 22:34:58.495970000,629,
"NZ_NZBC-E2AS1#3.8","3.1.1.0.1",2023-02-06 22:34:58.495970000,630,
"NZ_NZBC-G14VM1#2.6","1.9.1.4",2023-02-06 22:34:58.495970000,631,
"NZ_NZBC-G12AS2#3.12","3.5.2.0.1",2023-02-06 22:34:58.495970000,632,
"NZ_NZBC-G12AS2#3.12","3.6.1.0.1",2023-02-06 22:34:58.495970000,633,
"NZ_NZBC-G12AS2#3.12","3.6.2.0.1",2023-02-06 22:34:58.495970000,634,
"NZ_NZBC-G12AS2#3.12","5.1.2.0.1",2023-02-06 22:34:58.495970000,635,
"NZ_NZBC-E2AS1#3.8","4.5.2.0.1.f.1",2023-02-06 22:34:58.495970000,636,
"NZ_NZBC-E2AS1#3.8","4.5.2.0.1.g.1",2023-02-06 22:34:58.495970000,637,
"NZ_NZBC-E2AS1#3.8","4.6.0.1",2023-02-06 22:34:58.495970000,638,
"NZ_NZBC-E2AS1#3.8","4.6.0.2",2023-02-06 22:34:58.495970000,639,
"NZ_NZBC-E2AS1#3.8","4.6.0.3.a.1",2023-02-06 22:34:58.495970000,640,
"NZ_NZBC-E2AS1#3.8","4.6.0.3.b.1",2023-02-06 22:34:58.495970000,641,
"NZ_NZBC-E2AS1#3.8","4.6.0.3.c.1",2023-02-06 22:34:58.495970000,642,
"NZ_NZBC-E2AS1#3.8","4.6.0.3.d.1",2023-02-06 22:34:58.495970000,643,
"NZ_NZBC-E2AS1#3.8","4.6.1.1.0.0.a.i.1",2023-02-06 22:34:58.495970000,644,
"NZ_NZBC-E2AS1#3.8","4.6.1.1.0.0.a.ii.1",2023-02-06 22:34:58.495970000,645,
"NZ_NZBC-E2AS1#3.8","4.6.1.6.0.0.a.1",2023-02-06 22:34:58.495970000,646,
"NZ_NZBC-E2AS1#3.8","4.6.1.6.0.0.b.1",2023-02-06 22:34:58.495970000,647,
"NZ_NZBC-E2AS1#3.8","4.6.1.7.0.0.a.1",2023-02-06 22:34:58.495970000,648,
"NZ_NZBC-E2AS1#3.8","4.6.1.7.0.0.b.1",2023-02-06 22:34:58.495970000,649,
"NZ_NZBC-E2AS1#3.8","5.1.0.1.a.1",2023-02-06 22:34:58.495970000,650,
"NZ_NZBC-E2AS1#3.8","5.1.0.2",2023-02-06 22:34:58.495970000,651,
"NZ_NZBC-E2AS1#3.8","5.2.0.1",2023-02-06 22:34:58.495970000,652,
"NZ_NZBC-E2AS1#3.8","5.2.0.2",2023-02-06 22:34:58.495970000,653,
"NZ_NZBC-E2AS1#3.8","5.3.0.1",2023-02-06 22:34:58.495970000,654,
"NZ_NZBC-E2AS1#3.8","5.3.0.2",2023-02-06 22:34:58.495970000,655,
"NZ_NZBC-E2AS1#3.8","6.0.0.1",2023-02-06 22:34:58.495970000,656,
"NZ_NZBC-E2AS1#3.8","4.6.1.1.0.0.b.i.1",2023-02-06 22:34:58.495970000,657,
"NZ_NZBC-E2AS1#3.8","4.6.1.1.0.0.b.ii.1",2023-02-06 22:34:58.495970000,658,
"NZ_NZBC-E2AS1#3.8","4.6.1.1.0.0.b.iii.1",2023-02-06 22:34:58.495970000,659,
"NZ_NZBC-E2AS1#3.8","4.6.1.2.0.0.a.1",2023-02-06 22:34:58.495970000,660,
"NZ_NZBC-E2AS1#3.8","4.6.1.2.0.0.b.1",2023-02-06 22:34:58.495970000,661,
"NZ_NZBC-E2AS1#3.8","4.6.1.3.0.0.a.1",2023-02-06 22:34:58.495970000,662,
"NZ_NZBC-E2AS1#3.8","4.6.1.3.0.0.b.1",2023-02-06 22:34:58.495970000,663,
"NZ_NZBC-E2AS1#3.8","4.6.1.4.0.0.a.1",2023-02-06 22:34:58.495970000,664,
"NZ_NZBC-E2AS1#3.8","4.6.1.5.0.0.a.1",2023-02-06 22:34:58.495970000,665,
"NZ_NZBC-E2AS1#3.8","4.6.1.5.0.0.b.1",2023-02-06 22:34:58.495970000,666,
"NZ_NZBC-E2AS1#3.8","4.3.11.0.1",2023-02-06 22:34:58.495970000,667,
"NZ_NZBC-E2AS1#3.8","4.4.0.2",2023-02-06 22:34:58.495970000,668,
"NZ_NZBC-E2AS1#3.8","4.5.0.1",2023-02-06 22:34:58.495970000,669,
"NZ_NZBC-E2AS1#3.8","4.5.0.2",2023-02-06 22:34:58.495970000,670,
"NZ_NZBC-E2AS1#3.8","4.5.1.0.2",2023-02-06 22:34:58.495970000,671,
"NZ_NZBC-E2AS1#3.8","4.5.1.0.3",2023-02-06 22:34:58.495970000,672,
"NZ_NZBC-E2AS1#3.8","4.5.1.0.4",2023-02-06 22:34:58.495970000,673,
"NZ_NZBC-E2AS1#3.8","4.5.2.0.1.a.1",2023-02-06 22:34:58.495970000,674,
"NZ_NZBC-E2AS1#3.8","4.5.2.0.1.b.1",2023-02-06 22:34:58.495970000,675,
"NZ_NZBC-G13AS1#2.7","3.4.4.0.1",2023-02-06 22:34:58.495970000,676,
"NZ_NZBC-CAS2#1.1","1.4.3.0.2",2023-02-06 22:34:58.495970000,677,
"NZ_NZBC-E2AS1#3.8","8.2.6.0.1",2023-02-06 22:34:58.495970000,678,
"NZ_NZBC-E2AS1#3.8","8.3.4.2.0.1",2023-02-06 22:34:58.495970000,679,
"NZ_NZBC-E2AS1#3.8","8.3.5.0.2",2023-02-06 22:34:58.495970000,680,
"NZ_NZBC-E2AS1#3.8","8.3.7.0.1.a.1",2023-02-06 22:34:58.495970000,681,
"NZ_NZBC-E2AS1#3.8","8.3.8.0.2",2023-02-06 22:34:58.495970000,682,
"NZ_NZBC-E2AS1#3.8","8.4.1.0.1",2023-02-06 22:34:58.495970000,683,
"NZ_NZBC-E2AS1#3.8","8.4.3.1.0.1",2023-02-06 22:34:58.495970000,684,
"NZ_NZBC-E2AS1#3.8","8.4.3.2.0.1",2023-02-06 22:34:58.495970000,685,
"NZ_NZBC-E2AS1#3.8","8.4.8.1.0.1",2023-02-06 22:34:58.495970000,686,
"NZ_NZBC-E2AS1#3.8","8.4.9.0.1",2023-02-06 22:34:58.495970000,687,
"NZ_NZBC-E2AS1#3.8","8.4.10.0.2",2023-02-06 22:34:58.495970000,688,
"NZ_NZBC-E2AS1#3.8","8.4.11.0.1",2023-02-06 22:34:58.495970000,689,
"NZ_NZBC-E2AS1#3.8","8.4.11.1.1.d.1",2023-02-06 22:34:58.495970000,690,
"NZ_NZBC-E2AS1#3.8","8.4.15.0.1",2023-02-06 22:34:58.495970000,691,
"NZ_NZBC-E2AS1#3.8","8.4.16.2.0.1",2023-02-06 22:34:58.495970000,692,
"NZ_NZBC-E2AS1#3.8","8.4.17.0.2",2023-02-06 22:34:58.495970000,693,
"NZ_NZBC-E2AS1#3.8","8.5.1.0.1",2023-02-06 22:34:58.495970000,694,
"NZ_NZBC-E2AS1#3.8","8.5.1.0.2",2023-02-06 22:34:58.495970000,695,
"NZ_NZBC-E2AS1#3.8","8.5.2.0.1",2023-02-06 22:34:58.495970000,696,
"NZ_NZBC-E2AS1#3.8","8.5.3.0.1",2023-02-06 22:34:58.495970000,697,
"NZ_NZBC-E2AS1#3.8","8.5.5.1.0.2",2023-02-06 22:34:58.495970000,698,
"NZ_NZBC-E2AS1#3.8","8.5.7.0.1",2023-02-06 22:34:58.495970000,699,
"NZ_NZBC-E2AS1#3.8","8.5.7.0.2",2023-02-06 22:34:58.495970000,700,
"NZ_NZBC-E2AS1#3.8","9.1.3.0.3",2023-02-06 22:34:58.495970000,701,
"NZ_NZBC-E2AS1#3.8","9.1.3.1.0.1",2023-02-06 22:34:58.495970000,702,
"NZ_NZBC-E2AS1#3.8","9.1.3.2.0.1",2023-02-06 22:34:58.495970000,703,
"NZ_NZBC-E2AS1#3.8","9.1.3.3.0.1",2023-02-06 22:34:58.495970000,704,
"NZ_NZBC-E2AS1#3.8","9.1.3.5.0.2",2023-02-06 22:34:58.495970000,705,
"NZ_NZBC-E2AS1#3.8","9.1.4.0.1",2023-02-06 22:34:58.495970000,706,
"NZ_NZBC-E2AS1#3.8","9.1.4.0.2",2023-02-06 22:34:58.495970000,707,
"NZ_NZBC-E2AS1#3.8","9.1.5.0.1.a.1",2023-02-06 22:34:58.495970000,708,
"NZ_NZBC-E2AS1#3.8","9.1.8.2.0.1",2023-02-06 22:34:58.495970000,709,
"NZ_NZBC-E2AS1#3.8","9.2.1.0.1",2023-02-06 22:34:58.495970000,710,
"NZ_NZBC-E2AS1#3.8","9.2.7.0.1",2023-02-06 22:34:58.495970000,711,
"NZ_NZBC-E2AS1#3.8","9.7.2.1.0.1",2023-02-06 22:34:58.495970000,712,
"NZ_NZBC-E2AS1#3.8","9.9.10.1.0.1",2023-02-06 22:34:58.495970000,713,
"NZ_NZBC-E2AS1#3.8","6.2.0.1",2023-02-06 22:34:58.495970000,714,
"NZ_NZBC-E2AS1#3.8","6.3.0.1",2023-02-06 22:34:58.495970000,715,
"NZ_NZBC-E2AS1#3.8","6.4.0.1",2023-02-06 22:34:58.495970000,716,
"NZ_NZBC-G13AS2#2.7","2.1.1.0.1",2023-02-06 22:34:58.495970000,717,
"NZ_NZBC-G13AS2#2.7","3.3.1.0.1.a.i.2",2023-02-06 22:34:58.495970000,718,
"NZ_NZBC-G13AS2#2.7","3.3.1.0.1.e.1",2023-02-06 22:34:58.495970000,719,
"NZ_NZBC-G13AS2#2.7","3.3.1.0.1.f.1",2023-02-06 22:34:58.495970000,720,
"NZ_NZBC-G13AS2#2.7","3.3.1.0.1.h.1",2023-02-06 22:34:58.495970000,721,
"NZ_NZBC-G13AS2#2.7","3.4.7.0.1",2023-02-06 22:34:58.495970000,722,
"NZ_NZBC-E2AS1#3.8","6.4.0.2",2023-02-06 22:34:58.495970000,723,
"NZ_NZBC-E2AS1#3.8","6.4.0.3",2023-02-06 22:34:58.495970000,724,
"NZ_NZBC-E2AS1#3.8","6.5.0.1.b.1",2023-02-06 22:34:58.495970000,725,
"NZ_NZBC-E2AS1#3.8","6.6.0.1",2023-02-06 22:34:58.495970000,726,
"NZ_NZBC-E2AS1#3.8","7.0.0.1",2023-02-06 22:34:58.495970000,727,
"NZ_NZBC-E2AS1#3.8","7.1.1.0.1.a.1",2023-02-06 22:34:58.495970000,728,
"NZ_NZBC-G13AS2#2.7","5.2.2.0.1",2023-02-06 22:34:58.495970000,729,
"NZ_NZBC-G13AS2#2.7","5.4.1.0.1.2",2023-02-06 22:34:58.495970000,730,
"NZ_NZBC-G13AS2#2.7","6.1.4.0.1",2023-02-06 22:34:58.495970000,731,
"NZ_NZBC-G13AS1#2.7","3.4.3.0.1",2023-02-06 22:34:58.495970000,732,
"NZ_NZBC-CAS2#1.1","2.2.1.0.1",2023-02-06 22:34:58.495970000,733,
"NZ_NZBC-CAS2#1.1","2.2.1.0.2",2023-02-06 22:34:58.495970000,734,
"NZ_NZBC-CAS2#1.1","2.2.1.0.3",2023-02-06 22:34:58.495970000,735,
"NZ_NZBC-CAS2#1.1","2.2.1.0.4",2023-02-06 22:34:58.495970000,736,
"NZ_NZBC-E2AS1#3.8","7.1.1.0.2",2023-02-06 22:34:58.495970000,737,
"NZ_NZBC-E2AS1#3.8","8.1.3.0.1",2023-02-06 22:34:58.495970000,738,
"NZ_NZBC-E2AS1#3.8","8.1.5.1.0.1",2023-02-06 22:34:58.495970000,739,
"NZ_NZBC-E2AS1#3.8","8.1.6.0.1.b.1",2023-02-06 22:34:58.495970000,740,
"NZ_NZBC-E2AS1#3.8","8.1.6.0.1.c.1",2023-02-06 22:34:58.495970000,741,
"NZ_NZBC-CAS2#1.1","2.2.3.0.1",2023-02-06 22:34:58.495970000,742,
"NZ_NZBC-CAS2#1.1","4.1.1.0.2",2023-02-06 22:34:58.495970000,743,
"NZ_NZBC-E2AS1#3.8","8.1.6.2.0.4",2023-02-06 22:34:58.495970000,744,
"NZ_NZBC-E2AS1#3.8","10.1.0.1",2023-02-06 22:34:58.495970000,745,
"NZ_NZBC-E2AS1#3.8","10.1.0.2",2023-02-06 22:34:58.495970000,746,
"NZ_NZBC-E2AS1#3.8","8.1.6.0.2",2023-02-06 22:34:58.495970000,747,
"NZ_NZBC-E2AS1#3.8","8.1.6.0.3",2023-02-06 22:34:58.495970000,748,
"NZ_NZBC-E2AS1#3.8","8.1.6.0.4",2023-02-06 22:34:58.495970000,749,
"NZ_NZBC-E2AS1#3.8","8.1.6.1.0.0.d.1",2023-02-06 22:34:58.495970000,750,
"NZ_NZBC-E2AS1#3.8","10.2.0.1.a.1",2023-02-06 22:34:58.495970000,751,
"NZ_NZBC-E2AS1#3.8","10.2.0.1.b.1",2023-02-06 22:34:58.495970000,752,
"NZ_NZBC-E2AS1#3.8","10.2.0.1.b.2",2023-02-06 22:34:58.495970000,753,
"NZ_NZBC-E2AS1#3.8","10.2.0.1.c.1",2023-02-06 22:34:58.495970000,754,
"NZ_NZBC-E2AS1#3.8","8.1.6.2.0.1",2023-02-06 22:34:58.495970000,755,
"NZ_NZBC-E2AS1#3.8","8.1.6.2.0.3",2023-02-06 22:34:58.495970000,756,
"NZ_NZBC-E2AS1#3.8","8.1.7.0.2.a.1",2023-02-06 22:34:58.495970000,757,
"NZ_NZBC-E2AS1#3.8","8.2.4.0.1",2023-02-06 22:34:58.495970000,758,
"NZ_NZBC-E2AS1#3.8","10.3.1.0.1",2023-02-06 22:34:58.495970000,759,
"NZ_NZBC-E2AS1#3.8","10.3.2.0.1",2023-02-06 22:34:58.495970000,760,
"TEST","1.2.3",2023-02-10 03:58:44.414704000,767,
"TEST","1.1",2023-02-10 04:24:02.516469000,772,
"Robert","1.1.3",2023-02-14 21:32:45.130993000,2223,
"Johannes","1.1.1",2023-02-14 21:33:09.730637000,2224,
"Johannes","1.1.4",2023-02-14 21:34:34.210574000,2227,
"Johannes","1.1.5",2023-02-14 21:35:28.543825000,2228,
"Johannes","1.1.3",2023-02-14 21:34:08.169817000,2226,
"test","1.1.3",2023-04-25 21:55:33.093310000,2261,
"NZ_NZBC-H1AS1#5.1","1.1.1.1",2023-06-04 13:28:46.116731000,2281,
"NZ_NZBC-H1AS1#5.1","1.1.1.2",2023-06-04 13:29:19.514843000,2282,
"NZ_NZBC-H1AS1#5.1","1.1.2.1",2023-06-04 13:29:46.467415000,2283,
"NZ_NZBC-H1AS1#5.1","1.1.2.2",2023-06-04 13:36:20.754838000,2284,
"NZ_NZBC-H1AS1#5.1","1.1.2.3",2023-06-04 13:36:34.584677000,2285,
"NZ_NZBC-H1AS1#5.1","1.1.3.1",2023-06-04 13:37:57.117247000,2286,
"NZ_NZBC-H1AS1#5.1","1.1.3.2",2023-06-04 13:38:23.767186000,2287,
"NZ_NZBC-H1AS1#5.1","1.1.3.3",2023-06-04 13:40:23.202165000,2288,
"NZ_NZBC-H1AS1#5.1","1.2.1.2",2023-06-04 13:41:28.897163000,2289,
"NZ_NZBC-H1AS1#5.1","1.2.2.1",2023-06-04 13:42:02.912229000,2290,
"NZ_NZBC-H1AS1#5.1","1.2.2.2",2023-06-04 13:42:43.759886000,2291,
"NZ_NZBC-H1AS1#5.1","2.1.1.1",2023-06-04 13:43:07.637224000,2292,
"NZ_NZBC-H1AS1#5.1","2.1.1.1.2",2023-06-04 13:46:38.576611000,2293,
"NZ_NZBC-H1AS1#5.1","2.1.1.2",2023-06-04 13:47:42.797149000,2294,
"NZ_NZBC-H1AS1#5.1","2.1.1.3",2023-06-04 13:48:13.042231000,2295,
"NZ_NZBC-H1AS1#5.1","2.1.1.4",2023-06-04 13:49:25.579835000,2296,
"test","1.1.1",2023-02-10 03:02:28.836390000,765,
"TEST","1.2.3.4",2023-02-10 04:01:44.719916000,768,
"TEST","1.4.6.0.1",2023-02-10 04:07:48.777349000,771,
"Robert","1.1.2",2023-02-14 21:32:21.366529000,2222,
"Johannes","1.1.2",2023-02-14 21:33:45.906122000,2225,
"Robert","1.1.1",2023-02-14 21:31:25.956935000,2221,
"test","1.1.2",2023-02-21 03:53:20.903195000,2241,
"TEST","1.1.1.1",2023-02-10 03:51:10.290097000,766,
"TEST","1.1.0.1",2023-02-10 04:02:16.597210000,769,
"TEST","1.4.1.0.1",2023-02-10 04:06:22.362334000,770,
